{
  "generated_at": "2026-06-02T22:39:40.013857+02:00",
  "timezone": "Europe/Ljubljana",
  "source": "API-Tennis",
  "model": "Jakob Tennis Totals Profile Model v2",
  "model_version": "jakob_tennis_totals_profile_v2",
  "stake_mode": "rank_tier_profile",
  "market": "Over/Under by Games in Match",
  "formula": {
    "w_confidence": 15.319894178503324,
    "w_quality": 14.049749201315652,
    "w_edge": 14.77458595147632,
    "w_abs_margin": 9.47908583098798,
    "w_bookmakers": 7.551207891650762,
    "w_market_gap": 24.22852983564232,
    "w_avg_three": 9.005132468013311,
    "w_avg_close": -3.87639699678569,
    "w_min_recent": 8.024444469152819,
    "p_h2h": 0.4342811456501652,
    "p_strength_gap_high": -0.4403355549604271,
    "p_strength_gap_low": 0.46041939402701537,
    "p_odds_high": 1.2905056111699116,
    "p_low_line_under": 3.668771925125693,
    "p_qualification": 7.3848412819228795,
    "b_over": -2.269957818592272,
    "b_under": 0.8695297448767523
  },
  "filters": {
    "days_ahead": 1,
    "max_fixtures": 650,
    "max_picks": 20,
    "max_ranked_save": 300,
    "max_over_picks": 8,
    "max_under_picks": 18,
    "max_under_18_5_final": 3,
    "max_low_under_final": 12,
    "min_jakob_score_for_final": 70.0,
    "min_recent_matches_each": 6,
    "min_bookmakers": 3,
    "min_edge": 0.055,
    "min_confidence": 68.0,
    "odds_min": 1.65,
    "odds_max": 2.2,
    "main_lines_min": 18.5,
    "main_lines_max": 24.5,
    "model_prob_min": 0.43,
    "model_prob_max": 0.62
  },
  "summary": {
    "fixtures_checked": 408,
    "candidates_raw": 0,
    "ranked_candidates": 0,
    "final_picks": 0,
    "errors": 0
  },
  "picks": []
}
