{
  "generated_at": "2026-06-05T08:02:57.453583+02:00",
  "timezone": "Europe/Ljubljana",
  "source": "API-Tennis",
  "model": "Jakob Tennis Totals Profile Model v2",
  "model_version": "jakob_tennis_totals_profile_v2",
  "formula": {
    "w_confidence": 15.319894178503324,
    "w_quality": 14.049749201315652,
    "w_edge": 14.77458595147632,
    "w_abs_margin": 9.47908583098798,
    "w_bookmakers": 7.551207891650762,
    "w_market_gap": 24.22852983564232,
    "w_avg_three": 9.005132468013311,
    "w_avg_close": -3.87639699678569,
    "w_min_recent": 8.024444469152819,
    "p_h2h": 0.4342811456501652,
    "p_strength_gap_high": -0.4403355549604271,
    "p_strength_gap_low": 0.46041939402701537,
    "p_odds_high": 1.2905056111699116,
    "p_low_line_under": 3.668771925125693,
    "p_qualification": 7.3848412819228795,
    "b_over": -2.269957818592272,
    "b_under": 0.8695297448767523
  },
  "summary": {
    "fixtures_checked": 0,
    "candidates_raw": 0,
    "ranked_candidates": 0
  },
  "ranked_candidates": []
}
